<?xml version="1.0"?>
<!-- 
   Copyright 2004 The Apache Software Foundation

   Licensed under the Apache License, Version 2.0 (the "License");
   you may not use this file except in compliance with the License.
   You may obtain a copy of the License at

       http://www.apache.org/licenses/LICENSE-2.0

   Unless required by applicable law or agreed to in writing, software
   distributed under the License is distributed on an "AS IS" BASIS,
   WITHOUT WARRANTIES OR CONDITIONS OF ANY KIND, either express or implied.
   See the License for the specific language governing permissions and
   limitations under the License.
-->

<module id="examples" version="1.0.0">
    <service-point id="Adder" interface="org.apache.hivemind.examples.Adder">
        <create-instance class="org.apache.hivemind.examples.impl.AdderImpl"/>
        <interceptor service-id="hivemind.LoggingInterceptor"/>
    </service-point>
    <service-point id="Subtracter" interface="org.apache.hivemind.examples.Subtracter">
        <create-instance class="org.apache.hivemind.examples.impl.SubtracterImpl"/>
        <interceptor service-id="hivemind.LoggingInterceptor"/>
    </service-point>
    <service-point id="Multiplier" interface="org.apache.hivemind.examples.Multiplier">
        <create-instance class="org.apache.hivemind.examples.impl.MultiplerImpl"/>
        <interceptor service-id="hivemind.LoggingInterceptor"/>
    </service-point>
    <service-point id="Divider" interface="org.apache.hivemind.examples.Divider">
        <create-instance class="org.apache.hivemind.examples.impl.DividerImpl"/>
        <interceptor service-id="hivemind.LoggingInterceptor"/>
    </service-point>
    <service-point id="Calculator" interface="org.apache.hivemind.examples.Calculator">
        <invoke-factory>
          
            <!-- Most properties are autowired by the BuilderFactory -->
            <construct class="org.apache.hivemind.examples.impl.CalculatorImpl"/>
        </invoke-factory>
        <interceptor service-id="hivemind.LoggingInterceptor"/>
    </service-point>
    
    <service-point id="ProxyLoggingInterceptor" interface="org.apache.hivemind.ServiceInterceptorFactory">
      <create-instance class="org.apache.hivemind.examples.impl.ProxyLoggingInterceptorFactory"/>
    </service-point>
    
    <service-point id="Target" interface="org.apache.hivemind.examples.TargetService">
      <create-instance class="org.apache.hivemind.examples.impl.TargetServiceImpl"/>
      <interceptor service-id="ProxyLoggingInterceptor"/>
    </service-point>
</module>
