<?xml version="1.0"?>
<!-- 
   Copyright 2004 The Apache Software Foundation

   Licensed under the Apache License, Version 2.0 (the "License");
   you may not use this file except in compliance with the License.
   You may obtain a copy of the License at

     http://www.apache.org/licenses/LICENSE-2.0

   Unless required by applicable law or agreed to in writing, software
   distributed under the License is distributed on an "AS IS" BASIS,
   WITHOUT WARRANTIES OR CONDITIONS OF ANY KIND, either express or implied.
   See the License for the specific language governing permissions and
   limitations under the License.
-->

<module id="panorama.startup" version="1.0.0">
  
  Startup logic for Panorama.
    
    <schema id="Tasks">
      Defines tasks that can be executed by a task executor service.
      
      <element name="task">
      A task which can invoke an object, or service, that implements Executable.
      <attribute name="title" required="true">
      A short, user presentable description of the task, used in logging output.
      </attribute>
      
      <attribute name="id" required="true">
      A unique id for the task, which is used to set the order of execution of all tasks.
      </attribute>
      
      <attribute name="before">
      A comma-seperated list of task ids whose execution should follow this task, or * to indicate that this task must run first.
      </attribute>
      <attribute name="after">
      A comma-seperated list of task ids whose execution should precede this tasks execution, 
      or * to indicate that this task must run last.
      </attribute>
      <attribute name="executable" required="true" translator="object">
        An object or service that implements Executable.
      </attribute>
      <conversion class="com.panorama.startup.impl.Task"/>
    </element>
    <element name="static-task">
      A task which can invoke an object, or service, that implements Executable.
      <attribute name="title" required="true">
        A short, user presentable description of the task, used in logging output.
      </attribute>
      <attribute name="id" required="true">
        A unique id for the task, which is used to set the order of execution of all tasks.
      </attribute>
      <attribute name="before">
        A comma-seperated list of task ids whose execution should follow this task, 
        or * to indicate that this task must run first.
      </attribute>
      <attribute name="after">
        A comma-seperated list of task ids whose execution should precede this tasks execution, 
        or * to indicate that this task must run last.
      </attribute>
      <attribute name="class" required="true" translator="class">
        A class containing a public static method to execute.
      </attribute>
      <attribute name="method">
        The name of a public static method of the class; if not specified, 'init' is used.
      </attribute>
      <rules>
        <create-object class="com.panorama.startup.impl.Task"/>
        <invoke-parent method="addElement"/>
        <read-attribute attribute="id" property="id"/>
        <read-attribute attribute="title" property="title"/>
        <read-attribute attribute="before" property="before"/>
        <read-attribute attribute="after" property="after"/>
        <create-object class="com.panorama.startup.impl.ExecuteStatic"/>
        <invoke-parent method="setExecutable"/>
        <read-attribute attribute="class" property="targetClass"/>
        <read-attribute attribute="method" property="methodName"/>
      </rules>
    </element>
  </schema>
  
  <configuration-point id="Startup" schema-id="Tasks"/>
  
  <service-point id="Startup" interface="java.lang.Runnable">
    <invoke-factory>
      <construct class="com.panorama.startup.impl.TaskExecutor">
        <set-configuration configuration-id="Startup" property="tasks"/>
      </construct>
    </invoke-factory>
  </service-point>
  
  <contribution configuration-id="hivemind.Startup">
    <startup object="service:Startup"/>
  </contribution>
  
</module>
