<?xml version="1.0"?>
<!-- 
   Copyright 2004 The Apache Software Foundation

   Licensed under the Apache License, Version 2.0 (the "License");
   you may not use this file except in compliance with the License.
   You may obtain a copy of the License at

       http://www.apache.org/licenses/LICENSE-2.0

   Unless required by applicable law or agreed to in writing, software
   distributed under the License is distributed on an "AS IS" BASIS,
   WITHOUT WARRANTIES OR CONDITIONS OF ANY KIND, either express or implied.
   See the License for the specific language governing permissions and
   limitations under the License.
-->
<!DOCTYPE document PUBLIC "-//APACHE//DTD Documentation V1.2//EN" "./dtd/document-v12.dtd">
<document>

  <header>
    <title>HiveMind Example Code</title>
	</header>
	
  <body>

<p>
Provided with HiveMind is sample application code, used to demonstrate ideas and features of the framework.
</p>

<p>
The example source code is provided with the standard distribution. You can build the code using Ant:
</p>

<source><![CDATA[bash-2.05b$ ant compile
Buildfile: build.xml

compile:

-display-download-warning:
    [mkdir] Created dir: C:\workspace\jakarta-hivemind\examples\target\module-lib\compile
     [copy] Copying 1 file to C:\workspace\jakarta-hivemind\examples\target\module-lib\compile

-display-download-warning:
     [copy] Copying 1 file to C:\workspace\jakarta-hivemind\examples\target\module-lib\compile

-display-download-warning:
     [copy] Copying 1 file to C:\workspace\jakarta-hivemind\examples\target\module-lib\compile

-display-download-warning:
    [mkdir] Created dir: C:\workspace\jakarta-hivemind\examples\target\module-lib\run
     [copy] Copying 1 file to C:\workspace\jakarta-hivemind\examples\target\module-lib\run

-display-download-warning:
     [copy] Copying 1 file to C:\workspace\jakarta-hivemind\examples\target\module-lib\run

-display-download-warning:
     [copy] Copying 1 file to C:\workspace\jakarta-hivemind\examples\target\module-lib\run

-display-download-warning:
    [mkdir] Created dir: C:\workspace\jakarta-hivemind\examples\target\module-lib\test
     [copy] Copying 1 file to C:\workspace\jakarta-hivemind\examples\target\module-lib\test
     [copy] Copying 1 file to C:\workspace\jakarta-hivemind\examples\target\module-lib\compile

-compile-init:
    [mkdir] Created dir: C:\workspace\jakarta-hivemind\examples\target\generated-java
    [mkdir] Created dir: C:\workspace\jakarta-hivemind\examples\target\classes
     [echo]
     [echo]
     [echo] *** Compiling Java sources to target/classes ...
     [echo]
    [javac] Compiling 17 source files to C:\workspace\jakarta-hivemind\examples\target\classes
     [echo]
     [echo]
     [echo] *** Copying resources to target/classes ...
     [echo]

BUILD SUCCESSFUL
Total time: 4 seconds]]>
</source>

<warning>
  Details on how to setup your local build environment are forthcoming.
</warning>
    
  </body>
</document>
