<?xml version="1.0"?>
<!-- 
   Copyright 2004 The Apache Software Foundation

   Licensed under the Apache License, Version 2.0 (the "License");
   you may not use this file except in compliance with the License.
   You may obtain a copy of the License at

       http://www.apache.org/licenses/LICENSE-2.0

   Unless required by applicable law or agreed to in writing, software
   distributed under the License is distributed on an "AS IS" BASIS,
   WITHOUT WARRANTIES OR CONDITIONS OF ANY KIND, either express or implied.
   See the License for the specific language governing permissions and
   limitations under the License.
-->
<!DOCTYPE document PUBLIC "-//APACHE//DTD Documentation V1.2//EN" "./dtd/document-v12.dtd"
[
	<!ENTITY projectroot '../'>
	<!ENTITY % common-links SYSTEM "../links.ent">
	%common-links;
]>
<document>

  <header>
    <title>hivemind.ApplicationDefaults Configuration</title>
  </header>

  <body>


<p>
The <link href="&hivedoc;/config/hivemind.ApplicationDefaults.html">ApplicationDefaults</link> configuration
is used to set default values for substitution symbols.
Application defaults override contributions to 
<link href="site:hivemind.FactoryDefaults">hivemind.FactoryDefaults</link>.
The contribution format is the same FactoryDefaults:
</p>

<source><![CDATA[
  <default symbol="..." value="..."/>]]></source>

  

    
  </body>
</document>
