<?xml version="1.0"?>
<!-- 
   Copyright 2004 The Apache Software Foundation

   Licensed under the Apache License, Version 2.0 (the "License");
   you may not use this file except in compliance with the License.
   You may obtain a copy of the License at

       http://www.apache.org/licenses/LICENSE-2.0

   Unless required by applicable law or agreed to in writing, software
   distributed under the License is distributed on an "AS IS" BASIS,
   WITHOUT WARRANTIES OR CONDITIONS OF ANY KIND, either express or implied.
   See the License for the specific language governing permissions and
   limitations under the License.
-->
<!-- 
   Copyright 2004 The Apache Software Foundation

   Licensed under the Apache License, Version 2.0 (the "License");
   you may not use this file except in compliance with the License.
   You may obtain a copy of the License at

       http://www.apache.org/licenses/LICENSE-2.0

   Unless required by applicable law or agreed to in writing, software
   distributed under the License is distributed on an "AS IS" BASIS,
   WITHOUT WARRANTIES OR CONDITIONS OF ANY KIND, either express or implied.
   See the License for the specific language governing permissions and
   limitations under the License.
-->
<!DOCTYPE document PUBLIC "-//APACHE//DTD Documentation V1.2//EN"
	"./dtd/document-v12.dtd" [
	<!ENTITY projectroot '../'>
	<!ENTITY % common-links SYSTEM "../links.ent">
	%common-links;
	]>
<document>
	<header>
		<title>hivemind.EagerLoad Configuration</title>
	</header>
	<body>
		<p>The <link href="&hivedoc;/config/hivemind.EagerLoad.html">EagerLoad</link>
			configuration allows services to be constructed when the Registry is first
			initialized. Normally, HiveMind goes to great lengths to ensure that
			services are only constructed when they are first needed. Eager loading is
			appropriate during development (to ensure that services are configured
			properly), and some services that are event driven may need to be
			instantiated early, so that they may begin receiving event notifications
			even before their first service method is invoked.</p>
		<p>Care should be taken when using services with the pooled or threaded
			service models to invoke cleanup the thread immediately after creating the
			Registry.</p>
		<p>Contributions are as follows:</p>
		<source><![CDATA[
<load service-id="..."/>]]> </source>
	</body>
</document>
