<?xml version="1.0"?>
<!-- 
   Copyright 2004 The Apache Software Foundation

   Licensed under the Apache License, Version 2.0 (the "License");
   you may not use this file except in compliance with the License.
   You may obtain a copy of the License at

       http://www.apache.org/licenses/LICENSE-2.0

   Unless required by applicable law or agreed to in writing, software
   distributed under the License is distributed on an "AS IS" BASIS,
   WITHOUT WARRANTIES OR CONDITIONS OF ANY KIND, either express or implied.
   See the License for the specific language governing permissions and
   limitations under the License.
-->
<!DOCTYPE document PUBLIC "-//APACHE//DTD Documentation V1.2//EN"
	"./dtd/document-v12.dtd" [
	<!ENTITY projectroot '../'>
	<!ENTITY % common-links SYSTEM "../links.ent">
	%common-links;
	]>
<document>
	<header>
		<title>hivemind.ObjectProviders Configuration</title>
	</header>
	<body>
		<p>The <link href="&hivedoc;/config/hivemind.ObjectProviders.html">ObjectProviders</link>
			configuration drives the <code>object</code> translator. Contributions
      define an object <em>provider</em> in terms of a prefix (such as <code>service</code>)
      and a service that implements the <code>ObjectProvider</code> interface.
      </p>
    <p>
      Object <em>providers</em> exist to support <em>object references</em>.  Object references
      are a way to contribute objects that may be references to services, or to other objects, or may even be created
      on the spot.  This is often used with the &hivemind.BuilderFactory;'s &lt;set-object&gt; element.
    </p>
    
    <p>
      An object reference consists of a <em>prefix</em> and a <em>locator</em> seperated by a colon.  The interpretation of
      the locator is different for each provider.  The prefix determines which provider will be utilized to interpret the
      locator. 
    </p>
    
		<p>The contribution format defines the name and class for each service
			model:</p>
		<source><![CDATA[
<provider prefix="..." service-id="..."/>]]> </source>
	<p>Prefixes must be unique.</p>
  
  <p>
    The following default prefixes are available:
  </p>
  
  <table>
    <tr>
      <th>Prefix</th>
      <th>Descripton</th>
      <th>Example</th>
    </tr>
    
    <tr>
      <td>bean</td>
      <td>The locator is a &api.BeanFactory; locator, consisting of the id of a BeanFactory service, a colon, 
        and an optional initializer for the bean.
        
        <note>
          Provided by the HiveMind library.
        </note>
        </td>
        
        <td>
          bean:ValidatorFactory:string,required
        </td>
    </tr>
    <tr>
      <td>configuration</td>
      <td>The locator is the id of a configuration.</td>
      <td>
        configuration:MyConfiguration
      </td>
    </tr>
    
    <tr>
      <td>instance</td>
      <td>The locator is a fully qualified class name, which must have a public no arguments contructor.</td>
      <td>
        instance:com.example.MyObject
      </td>
    </tr>
    
    <tr>
      <td>service</td>
      <td>The locator is the id of a service.</td>
      <td>service:MyService</td>
    </tr>
    
    <tr>
      <td>service-property</td>
      <td>The locator provides a service id and a property name (provided by that service), seperated with a colon.</td>
      <td>
        service-property:MyService:activeRequest
      </td>
    </tr>
    
    
  </table>
  
  	</body>
</document>
