<?xml version="1.0"?>
<!-- 
   Copyright 2004 The Apache Software Foundation

   Licensed under the Apache License, Version 2.0 (the "License");
   you may not use this file except in compliance with the License.
   You may obtain a copy of the License at

       http://www.apache.org/licenses/LICENSE-2.0

   Unless required by applicable law or agreed to in writing, software
   distributed under the License is distributed on an "AS IS" BASIS,
   WITHOUT WARRANTIES OR CONDITIONS OF ANY KIND, either express or implied.
   See the License for the specific language governing permissions and
   limitations under the License.
-->
<!DOCTYPE document PUBLIC "-//APACHE//DTD Documentation V1.2//EN"
	"./dtd/document-v12.dtd" [
	<!ENTITY projectroot '../'>
	<!ENTITY % common-links SYSTEM "../links.ent">
	%common-links;
	]>
<document>
	<header>
		<title>hivemind.ServiceModels Configuration</title>
	</header>
	<body>
		<p>The <link href="&hivedoc;/config/hivemind.ServiceModels.html">
			ServiceModels</link> configuration defines the available service models.
			Service models control the lifecycle of services: when they are created
			and when they are destroyed (often tied to the current thread's activity).</p>
		<p>The contribution format defines the name and class for each service
			model:</p>
		<source><![CDATA[
<service-model name="..." class="..."/>]]> </source>
		<p>An instance of the specified class will be instantiated. The class must
			implement the <link href="&apiroot;/internal/ServiceModelFactory.html">
			ServiceModelFactory</link> interface (which creates an instance of the
			actual service model for a particular service extension point).</p>
		<p>Names of service models must be unique; it is not possible to override
			the built-in service model factories.</p>
	</body>
</document>
