<?xml version="1.0"?>
<!-- 
   Copyright 2004 The Apache Software Foundation

   Licensed under the Apache License, Version 2.0 (the "License");
   you may not use this file except in compliance with the License.
   You may obtain a copy of the License at

       http://www.apache.org/licenses/LICENSE-2.0

   Unless required by applicable law or agreed to in writing, software
   distributed under the License is distributed on an "AS IS" BASIS,
   WITHOUT WARRANTIES OR CONDITIONS OF ANY KIND, either express or implied.
   See the License for the specific language governing permissions and
   limitations under the License.
-->
<!DOCTYPE document PUBLIC "-//APACHE//DTD Documentation V1.2//EN"
	"./dtd/document-v12.dtd" [
	<!ENTITY projectroot '../'>
	<!ENTITY % common-links SYSTEM "../links.ent">
	%common-links;
	]>
<document>
	<header>
		<title>hivemind.SymbolSources Configuration</title>
	</header>
	<body>
		<p>The <link href="&hivedoc;/config/hivemind.SymbolSources.html">
			SymbolSources</link> configuration is used to define new <link
			href="&apiroot;/SymbolSource.html">SymbolSource</link>s (providers of
			values for substitution symbols).</p>
		<p>Contributions are of the form:</p>
		<source><![CDATA[
<source name="..." before="..." after="..." class="..." service-id="..."/>	]]></source>
		<p>Sources are ordering based on the <code>name</code>, <code>before</code> 
			and <code>after</code> elements. <code>before</code> and <code>after</code>
			may be comma-seperated lists of other sources, may be the simple value 
			<code>*</code>, or may be omitted.</p>
		<p>Only one of <code>class</code> and <code>service-id</code> attributes
			should be specified. The former is the complete name of a class
			(implementing the SymbolSource interface). The second is used to
			contribute a service (which must also implement the interface).</p>
	</body>
</document>
